ShwaServices,0.535
ScottCUOIT,0.585
Psicoticospormm,1.0
AnikHasan0803,0.11538461538461539
revistabjjnews,0.005
Adriano_2011,0.22613065326633167
MMA_GODZ,0.4971751412429379
BahaSadek,0.25
renanIncio1,0.0
BriDeRolph,1
HidayahAnan,0.2937853107344633
