ShwaServices,0.535
gailove02,0.09174311926605505
beatlesscu,0.48
sgredv,0.915
needless100,0.07446808510638298
UniqBeauties,0.005
vguarnes18,1
RowdyLifeYP,0.6080402010050251
MARISOL6240t,1
WesselhoftJr,0.0
LDH_GENE_HAYATO,0.6341463414634146
JohnKush333,0.95
247_Basketball_,0.03932584269662921
Jhn15_imperial,0.4431818181818182
CelebVM,0.18
ground0training,0.175
askilriy,0.0
TrevorAchilles1,0.095
gian_rhow91,0.6285714285714286
