sagabwoy,1
Faizi15965454,1
DrMatthewSweet,0.075
Yangyang708,1
ideopraxist2,0.4263959390862944
varnum_patrina,0.0
KevCoStudios,0.21604938271604937
KempyKempy,0.15
The_RyanAdams,0.7035175879396985
Princewillokpu3,1
espezy63,0.24358974358974358
Rachel_Callahan,0.5051020408163265
mduerr12,0.2982456140350877
JdfJkmuf,0.0
Xxrody13Xx,1
umadbub,0.3869346733668342
BImbG1wNKBYaCgw,1
tuantinhte71931,0.0
AndrewCadotte,0.30434782608695654
