Tdubsports,0.69
DontCountMeIn,0.4
gingerrr_snapps,0.1366906474820144
lemajoe13,0.35
bugzeemartin,0.5808080808080808
redsoxornothing,0.8275862068965517
irish_john_j,0.165
ChildhoodSports,0.03
WillSondrini,0.6767676767676768
JenMorgz,0.6
Bossportgirl,0.42105263157894735
Boardman44,0.7692307692307693
BoSox04Fan,0.7258883248730964
WesselhoftJr,0.0
sunbursthes,0.4010152284263959
