LaceUpLeadbetta,0.085
Louieturch,0.7480314960629921
allanvernyarri1,1
johnmonk11,0.07142857142857142
AshleyFlo74,0.12578616352201258
Wooduck1969,0.085
subhank_sharma,0.6363636363636364
LaingDuane,0.9542857142857143
misshunter10,0.009523809523809525
rawley78,0.6808510638297872
oasiso1,0.16666666666666666
chownywally,0.235
p2458,0.7939698492462312
