baxtouu,1
ninou963,0.3333333333333333
RDraganov,0.0
ShwaServices,0.535
ouldtaleb7,1
25081990gd,1
lenzini3,1
Fipski,1.0
Raphcap3,1
YenturkU,0.3888888888888889
TedB1996,0.5
Abdurrahmanezz,0.7939698492462312
Chukwunenye99,1.0
KatarzynaGolus4,1
ayetullahmeyda1,0.9668508287292817
JeffreySmet1,1
wattage1234bass,0.06451612903225806
AndyAFuentes,0.5477386934673367
drassob1,0.0
