djkingfat,0.2
OrmindaWin,0.8181818181818182
PlentifulThinki,0.15151515151515152
Musictp74,0.0
