s_chantry,0.0
Cameo_Digital,0.47928994082840237
pdaduica,0.3220338983050847
babygirlcj,0.425
nickbiancophoto,0.025
peanut003,0.025
GsrRing,0.1891891891891892
nanigy73,0.07692307692307693
HoltArafat,0.75
cowboysecurity,0.5
GooseEby3,0.3333333333333333
ShwaServices,0.535
sab_s8,0.005
paulm_official,0.3417085427135678
InFarmers,1.0
KiKiLimeDesigns,0.09
ApatheticRaptor,0.09836065573770492
ccnancy1981,1
YuliNaranjo2,1.0
