MikeFitzburg,0.895
sekarteacher,1
Deemoney521,0.8181818181818182
SoWithHer,0.81
nerli2003,0.8
InsideChappaqua,0.515
MeskeremHabib,0.7193877551020408
CFOH2016,0.76
babyspittle,0.615
Aroyaldmd,0.89
dyxevodutami,0.0
BootFeed,0.1267605633802817
Sherron5301,0.43
AnamAnkolkar,0.030456852791878174
CindyLeinwand12,0.7386934673366834
phyllisreal,0.0
Young_Politics_,0.3723404255319149
TrixMit,0.0
JournoGoose,0.54
