corinnemlwsw,0.7
MortenKruger,0.019417475728155338
CAdams1010,0.0
cindyfila1958,0.03389830508474576
zalie3235,0.485
BettySpain1,0.0
Chrismc44,0.815
alfatma8,1
usdew,0.07
mrandmrsdanger,0.245
Amanda15604864,0.9847715736040609
gardenia63,0.7083333333333334
Zulamer2cando,0.0
kris_arch,0.06
Edie05601691,0.01
AdrieneRobins,0.45
CHAVASILVA25,0.66
trina_simons,0.8461538461538461
