TomHall,0.37
themiamivoice,0.7918781725888325
Inpolls,0.18181818181818182
DOfficialBarbs,0.555
adam_r87,0.4416243654822335
mtrosemusicking,0.07
HRCFacts,0.013333333333333334
robertmitchals,0.23618090452261306
TrumpPuppies,0.05
vitormartiny,0.0
nancyjstone1,0.25
PowlettRose,1.0
BeverlyGoddam,1.0
MiriamStefenonT,0.9038461538461539
fobgurl7214,0.8241206030150754
madeleinehart34,0.0
VincentMonika,0.0
JBeezy561,0.0
