OfficialHHI,0.165
BootFeed,0.1267605633802817
karlosatin305,0.2
x1xSuzieQx1x,1.0
AngelaRooney10,0.0
RagnarokMP14,0.0
ElenoreBean1,0.0
echauffierMAN,0.696969696969697
Symetexig,0.4166666666666667
akuada_s,0.7889447236180904
kunaaltailor_,0.985
AmitbThorat,0.45454545454545453
santoshadhav,0.2
vineetdubey11,1
