helados_la,0.96
rab_todd,0.1708542713567839
AlfredoKurchan,0.285
onepaperchick,0.0
FanOfSynthNoize,0.13740458015267176
dywev007,0.15555555555555556
lisafagan3,0.7135678391959799
SacredMusicBand,0.0
RikRik666,0.02
KrakenNS,0.255
gamathissia,0.5344827586206896
The2JGemini,0.7777777777777778
SharonValen,0.015
shelltime,0.5233160621761658
Michael42350210,1
didocg,0.882051282051282
miss_judgment,0.6197183098591549
Marcelman1,0.31
JindraMach,1
STEVELUCY1,0.5057471264367817
