mattcoop1986,0.0
samuel_seidel,0.125
Braian55000769,0.6428571428571429
JoshWardLad,0.375
Obfoosk8,0.0
BibbyLeon,0.3333333333333333
Bobybusa1,1
softbarrier,0.2
studio8joey,0.8
tannerbuzz,0.029411764705882353
FinanceBuckets,0.8
Shop4Biker,0.24
When_In_Tokyo,0.5714285714285714
RishabhHx,0.3644859813084112
zee2epic,0.0
Michaelgwhite58,0.0
ldj1919,0.01282051282051282
Gagelemoine4,0.5384615384615384
kidfuelz,1
JohnHawkins92,0.15
