Diilerk25,0.0
NoeliaSaenz12,0.9090909090909091
ROSE_bud518,0.005
ashby_ftw,0.3684210526315789
artemo78kol,0.0
HornShyrypbl4,0.0
DanielleMDenton,0.3561643835616438
fxxxish,0.07142857142857142
kessyahavanny,0.043010752688172046
aleksandrovsve4,0.0
CaliSelmon,0.11764705882352941
deelaps,0.5204081632653061
NightOwlDT,0.021739130434782608
evseevalvian,0.0
HokGuan,0.0
MgodoymexManuel,0.0
lerash_bob,0.0
