elvinxmxrxrx,0.6
CaraCaracaitlin,0.81
Spargochelsea,0.755
nbamiguelillo,1
adamtaylor9780,0.0
sixxsynths,0.23
cliquejosephdun,0.4666666666666667
lilyrousseau21,0.35714285714285715
KendizzleFire,0.3969849246231156
shaninoboss,0.69
TheysayMadeline,0.3826530612244898
ThaBaybe,0.19597989949748743
KxNGHARDIK,0.23618090452261306
_onassisawhina,1
Dellahikal,0.0
isalink,0.95
KimboScho,0.1919191919191919
MichelleMcClaf3,0.0
LennyAnd85,0.5647668393782384
