BoeckelT,0.34
SpencerTonko,1
HannahH_2k20,0.8888888888888888
harper_wentz,0.47
bucketsninja,0.0
melita_gillette,1.0
savannahhvaughn,1
valdezy_04,1
GreatOldParty,1.0
ashfreethemen,0.5492227979274611
magaDT2,0.9072164948453608
kendal_braun,0.8609271523178808
LangLandon11,0.8666666666666667
becca_tschetter,0.4120603015075377
__holyschmidt__,0.0
EvanStenvold,0.6666666666666666
