MiihLemos1,0.0
Jhonata46930599,0.0
DiesInTheSky,0.08333333333333333
Mich_SG2,0.0
diegrandliebe,0.45588235294117646
