WussywatCat,0.0
derek_papa,0.3352601156069364
Nestrians,0.3813559322033898
ErikGurley,0.7461928934010152
tochenist,0.0
iaparithd,0.445
KLD810,0.15
luis45270672,1
Cubsgiant16,0.2
BillyT1131,0.645
NyWinning1216,0.635
SteveMcGookin,0.35
AngieRo57846032,0.23148148148148148
Adam_22_bradley,0.775
pinstripenyy,0.0
zwtraining,0.105
DaveChoate,0.1457286432160804
Scorpion69211,0.125
SergioB4923,1
