EliteTsar,0.495
jaanki_patel1,1
stingardens,1
rositadelapaz,0.1
Janet030832,0.6242424242424243
Alshihari,0.01
hon_elvis,0.0
AmyKing800,0.48148148148148145
Jana140213,1
cerys101,0.3282828282828283
faboutaouais,0.645
KingMasokisi,0.23076923076923078
ThaisAbout,1.0
Khalil55451495,1
JOE_FREER,0.735
RMMOOTY99,0.42857142857142855
iibalkan,0.725
maihamis,1
MooMoos00,1.0
