ABCProdeinCol,0.045
Andresllq26,0.8793969849246231
kaaabotcavke,0.4666666666666667
Deana614,0.42
Valerie7222,1.0
giannonechris,0.01
Kothzon,0.0
PcmCross,0.06666666666666667
BikeSkiWoody,0.24
TeamDigest,0.5833333333333334
furqanalisaifi2,0.0
repka_tomas,0.883248730964467
aaronandshara,0.0
muhamdsadiq53,1.0
neunzehndrei,0.08333333333333333
michelezaccheo1,0.5
Skitlz24,0.4523809523809524
TheArdoisier,0.02857142857142857
