domgeor,1
mike_dxrjwn,1
DannyHewitt1,0.25
s65878566,0.0
EliteTsar,0.495
NorthTacRotary,0.0
Franckcarl2,0.4
Elodiie1812,0.14285714285714285
be_vathe,1
suzhoudevin,0.5966386554621849
realprinceglen,0.02127659574468085
Galam7ebr,0.7391304347826086
GuardianArcOps,0.23333333333333334
JCIEUKHT,0.3854166666666667
Tamba24758941,1
johnsmith123653,1
MatthewBass16,0.3888888888888889
krisiruth,0.03
EmilySpehar,0.4875
bessyben,0.951048951048951
