ismailsallam7,1
AlexaOchmann,0.7096774193548387
NatalieJesney86,1
emilytwinch,0.415
505Nomad,0.18
EducateAllGirls,0.3125
NoSpamPlease2,1
yussshhhh1,0.0
xrajc,0.7931034482758621
NurturingMinds,0.265
JaneyLuv001,0.06504065040650407
sanaa08534885,0.16666666666666666
vonkupferschein,0.75
ClareCable,0.335
balajitiwaripa1,0.16666666666666666
LoubnaHadid,0.5678391959798995
Flashgordy_g,0.45454545454545453
JacquiSmith7,0.2558139534883721
HappyMummyBlogs,0.27
