Suesu555Su,0.0
Andresllq26,0.8793969849246231
PcmCross,0.06666666666666667
BBCMarkDaly,0.5
jordyliebens,0.0
rcs123416,0.625
BBikestrong,0.0
wildroadbikes,0.0
morgad02,0.07142857142857142
BrMami,1
Ahsan_Gillani48,0.0
denniscyclist18,0.165
fifi_bellamy,0.25380710659898476
andredonna97,1.0
adrianciclista1,0.5833333333333334
usa_grandtour,0.8372093023255814
CrotchGuardUk,0.125
DiscBrandCo,0.014084507042253521
sam_janes,0.09090909090909091
BellLapCoffee,0.1702127659574468
