realDonaldTrump,0.14
unorthodoxuo,0.5026178010471204
catplex,0.42
korxu,0.4461538461538462
DWCOLLECTIVES,0.7708333333333334
DEATHWISHDW,0.3793103448275862
