nbcagt,0.485
SenSanders,0.115
POTUS,0.045
BernieSanders,0.205
grandesblueljp,0.5527638190954773
marcoxgrande,0.24
kcmbliss,0.575
ifmoonlight,0.03
loveAriana456,0.32323232323232326
Ariyenah,0.078125
CamillaUckers,0.4
politicalmiller,0.625
TeletonUSA,0.96
kitty_hamada,0.5829145728643216
Lauracarla0,0.6476683937823834
ArianaG_fanzzz,0.014285714285714285
AMAs,0.335
EmbracingAriana,0.8095238095238095
drunkellebeer,0.605
PayneElisabeth,0.9390862944162437
