Mcather38,0.0
RicardoDelariva,0.47738693467336685
rogersal07,0.0
DeathMedieval,0.0
joshsatin,0.17587939698492464
IAmMarkManson,0.04
WimHof_Ice_Film,0.02
Iceman_Hof,0.365
Ealvarezfight,0.39
JakeBuck33,0.4090909090909091
brendangarvey24,0.49748743718592964
southpawsands,0.6482412060301508
CSNKoz,0.4
TonyRobbins,0.53
AnthonyBass52,0.43
ufc,0.18
BrendanSchaub,0.27638190954773867
shoyorollbrand,0.08
DLS6man,0.49489795918367346
alontayo,0.41708542713567837
