AnthonyGreen,0.31
debegray,0.075
Momastery,0.33
GSSI501C3,0.593939393939394
FlashGJr,0.6954314720812182
HospiceANC,0.013888888888888888
Racing4Recovery,0.005
Everyday_Recov,0.07142857142857142
11EdgarMartinez,0.011904761904761904
CBSNews,0.06
boomersbaseball,0.3316582914572864
