YupThatExist,0.065
alexiskmorgan,0.17
RobertPera,0.23780487804878048
jerrystackhouse,0.7575757575757576
RealMickFoley,0.4
WWE,0.35
mspear96,0.055
NCRMuseum,0.10050251256281408
teddyb_h2o,0.6565656565656566
DamianWarner,0.542713567839196
VerniceRichards,0.1
ROSGO21,0.475
DAPoints,0.305
Dr_Rattler,0.021505376344086023
TheJetOnTNT,0.6432160804020101
mysteriousfact,0.025
TheKingDream,0.10552763819095477
PaxtonLynch,0.5175879396984925
Deadspin,0.03
StimuIating,0.0
