desiringGod,0.035
bbelt9,0.1717171717171717
bcraw35,0.31
BusterPosey,0.11
hunterpence,0.155
rafterspam,0.04
SFGiants,0.22
KarleeLeilani,0.725
stras37,0.24242424242424243
mlbtraderumors,0.01
Ken_Rosenthal,0.09
WarrickDunn,0.1708542713567839
STEVEN_LUGO12,0.6979166666666666
